S.No,"Roll No","Accession No",Date,Time
1,b120678cs,b120899ce,09/11/2014,"11:12:27 pm"
2,b120678cs,3678908763893,12/11/2014,"02:32:54 pm"
2,b120678cs,4678933943093,12/11/2014,"02:32:57 pm"
2,b120678cs,34789378,12/11/2014,"02:32:59 pm"
2,b120678cs,6378930-39874,12/11/2014,"03:35:00 pm"
2,b120678cs,tyruiop[ee,12/11/2014,"03:35:03 pm"
2,b120678cs,2434234894-y743,12/11/2014,"04:03:11 pm"
2,b120678cs,5678943,12/11/2014,"04:03:13 pm"
2,b120678cs,985403-2=,12/11/2014,"05:49:52 pm"
2,b120678cs,96854032-,12/11/2014,"05:49:56 pm"
2,b120678cs,9t0505-,12/11/2014,"05:49:59 pm"
2,b120678cs,493043,12/11/2014,"05:50:01 pm"
2,b120678cs,4934p3,12/11/2014,"05:50:02 pm"
2,b120678cs,5432,12/11/2014,"08:02:13 pm"
2,b120678cs,6543,12/11/2014,"08:02:15 pm"
3,b120678cs,2,16/11/2014,"04:03:05 am"
3,b120678cs,34567890,16/11/2014,"04:04:31 am"
3,b120678cs,1,16/11/2014,"04:54:04 am"
3,b120678cs,2,16/11/2014,"04:54:12 am"
3,b120678cs,1,16/11/2014,"04:54:39 am"
3,b120678cs,1,16/11/2014,"04:55:29 am"
3,b120678cs,1,16/11/2014,"04:58:09 am"
3,b120678cs,2,16/11/2014,"04:58:12 am"
3,b120678cs,1,16/11/2014,"04:58:22 am"
3,b120678cs,2,16/11/2014,"04:58:28 am"
3,b120678cs,3,16/11/2014,"04:58:32 am"
3,b120678cs,4,16/11/2014,"04:58:37 am"
3,b120678cs,8902519002068,16/11/2014,"05:05:56 am"
3,b120678cs,1,16/11/2014,"05:06:04 am"
3,b120678cs,1,16/11/2014,"05:12:20 am"
3,b120678cs,4,16/11/2014,"05:12:24 am"
3,b120678cs,8902519002068,16/11/2014,"05:13:44 am"
3,b120678cs,2,16/11/2014,"05:13:47 am"
3,b120678cs,8902519002068,16/11/2014,"05:17:52 am"
3,b120678cs,8902519002068,16/11/2014,"05:21:12 am"
3,b120678cs,1,16/11/2014,"05:21:18 am"
3,b120678cs,8902519002068,16/11/2014,"05:27:00 am"
3,b120678cs,3,16/11/2014,"05:27:04 am"
3,b120678cs,2,16/11/2014,"05:27:08 am"
3,b120678cs,2345,16/11/2014,"05:27:14 am"
3,b120678cs,785685858,16/11/2014,"05:27:19 am"
3,b120678cs,1,16/11/2014,"05:22:13 pm"
3,b120678cs,8901425052235,16/11/2014,"05:22:20 pm"
3,b120678cs,23122,16/11/2014,"05:29:15 pm"
3,b120678cs,2323,16/11/2014,"05:29:17 pm"
3,b120678cs,11111,16/11/2014,"05:29:19 pm"
3,b120678cs,2222,16/11/2014,"05:29:22 pm"
3,b120678cs,12345,16/11/2014,"10:27:20 pm"
3,b120678cs,1,16/11/2014,"10:27:24 pm"
3,b120678cs,8901425052235,16/11/2014,"10:27:29 pm"
4,b120678cs,8902519002068,17/11/2014,"12:14:23 am"
4,b120678cs,1234567890,17/11/2014,"12:14:44 am"
4,b120678cs,ert,17/11/2014,"12:17:51 am"
4,b120678cs,8902519002068,17/11/2014,"12:51:29 am"
4,b120678cs,8902519002068,17/11/2014,"01:57:10 am"
4,b120678cs,8902519002068,17/11/2014,"03:13:21 am"
4,b120678cs,8902519002068,17/11/2014,"03:32:21 am"
5,B120678CS,123456789,17/11/2014,"05:36:06 am"
5,B120678CS,234567,17/11/2014,"05:36:09 am"
5,B120678CS,3456,17/11/2014,"05:36:12 am"
6,b120678cs,8902519002068,17/11/2014,"06:00:03 am"
6,b120678cs,675894,17/11/2014,"12:21:34 pm"
6,b120678cs,8902519002068,17/11/2014,"05:37:11 pm"
6,b120678cs,8901425052235,17/11/2014,"05:37:14 pm"
6,b120678cs,8902519002068,17/11/2014,"08:18:05 pm"
6,b120678cs,8902519002068,17/11/2014,"10:52:29 pm"
6,b120678cs,8901425052235,17/11/2014,"10:52:34 pm"
7,b120678cs,8902519002068,18/11/2014,"01:43:35 am"
7,b120678cs,8902519002068,18/11/2014,"04:23:08 am"
7,b120678cs,5678,18/11/2014,"04:23:08 am"
7,b120678cs,567890,18/11/2014,"04:23:08 am"
7,b120678cs,8902519002068,18/11/2014,"04:23:46 am"
7,b120678cs,8902519002068,18/11/2014,"04:25:58 am"
7,b120678cs,8902519002068,18/11/2014,"04:29:51 am"
7,b120678cs,8902519002068,18/11/2014,"04:30:19 am"
7,b120678cs,456789,18/11/2014,"04:45:32 am"
7,b120678cs,8902519002068,18/11/2014,"03:03:07 pm"
7,b120678cs,8902519002068,18/11/2014,"03:03:07 pm"
7,b120678cs,8902519002068,18/11/2014,"03:03:07 pm"
7,b120678cs,8902519002068,18/11/2014,"03:03:07 pm"
7,b120678cs,8902519002068,18/11/2014,"03:03:07 pm"
7,b120678cs,8902519002068,18/11/2014,"03:03:07 pm"
7,b120678cs,8902519002068,18/11/2014,"03:03:07 pm"
7,b120678cs,8902519002068,18/11/2014,"03:03:07 pm"
7,b120678cs,8902519002068,18/11/2014,"03:03:07 pm"
7,b120678cs,8902519002068,18/11/2014,"03:03:07 pm"
7,b120678cs,8902519002068,18/11/2014,"03:03:07 pm"
7,b120678cs,8902519002068,18/11/2014,"03:03:07 pm"
7,b120678cs,8902519002068,18/11/2014,"03:03:07 pm"
7,b120678cs,8902519002068,18/11/2014,"03:03:07 pm"
7,b120678cs,8902519002068,18/11/2014,"03:03:07 pm"
7,b120678cs,8902519002068,18/11/2014,"03:03:07 pm"
7,b120678cs,8902519002068,18/11/2014,"03:03:07 pm"
7,b120678cs,8902519002068,18/11/2014,"03:03:07 pm"
7,b120678cs,8902519002068,18/11/2014,"03:03:07 pm"
7,b120678cs,8902519002068,18/11/2014,"03:03:07 pm"
7,b120678cs,8902519002068,18/11/2014,"03:03:07 pm"
7,b120678cs,8902519002068,18/11/2014,"03:03:07 pm"
7,b120678cs,8902519002068,18/11/2014,"03:03:07 pm"
7,b120678cs,8902519002068,18/11/2014,"03:03:07 pm"
7,b120678cs,8902519002068,18/11/2014,"03:03:07 pm"
7,b120678cs,8902519002068,18/11/2014,"03:22:58 pm"
7,b120678cs,8902519002068,18/11/2014,"03:22:58 pm"
7,b120678cs,8902519002068,18/11/2014,"03:22:58 pm"
7,b120678cs,8902519002068,18/11/2014,"03:22:58 pm"
7,b120678cs,8902519002068,18/11/2014,"03:22:58 pm"
7,b120678cs,8902519002068,18/11/2014,"03:22:58 pm"
7,b120678cs,8902519002068,18/11/2014,"03:22:58 pm"
7,b120678cs,8902519002068,18/11/2014,"03:22:58 pm"
7,b120678cs,8902519002068,18/11/2014,"03:22:58 pm"
7,b120678cs,8902519002068,18/11/2014,"03:22:58 pm"
7,b120678cs,8902519002068,18/11/2014,"03:22:58 pm"
7,b120678cs,8902519002068,18/11/2014,"03:22:58 pm"
7,b120678cs,8902519002068,18/11/2014,"03:22:58 pm"
7,b120678cs,8902519002068,18/11/2014,"03:22:58 pm"
7,b120678cs,8902519002068,18/11/2014,"03:22:58 pm"
7,b120678cs,8902519002068,18/11/2014,"03:41:52 pm"
7,b120678cs,8901425052235,18/11/2014,"03:54:12 pm"
7,b120678cs,8901425052235,18/11/2014,"03:54:12 pm"
7,b120678cs,902519001993,18/11/2014,"03:54:12 pm"
8,B120678CS,8902519002068,18/11/2014,"03:59:51 pm"
8,B120678CS,8902519002068,18/11/2014,"04:00:21 pm"
8,B120678CS,3456789,18/11/2014,"04:42:31 pm"
8,B120678CS,8902519002068,18/11/2014,"09:31:13 pm"
8,B120678CS,8901425052235,18/11/2014,"09:31:13 pm"
8,B120678CS,902519001993,18/11/2014,"09:31:13 pm"
8,B120678CS,8902519002068,18/11/2014,"11:32:52 pm"
8,B120678CS,8902519002068,18/11/2014,"11:32:52 pm"
9,B120678CS,8901425052235,19/11/2014,"07:31:14 am"
9,B120678CS,8901425052235,19/11/2014,"07:31:25 am"
9,B120678CS,8902519002068,19/11/2014,"03:44:14 pm"
9,B120678CS,8902519002068,19/11/2014,"03:45:02 pm"
9,B120678CS,8902519002068,19/11/2014,"03:47:57 pm"
9,B120678CS,8902519002068,19/11/2014,"03:50:54 pm"
9,B120678CS,8902519002068,19/11/2014,"03:51:58 pm"
9,B120678CS,8901425052235,19/11/2014,"05:46:16 pm"
9,B120678CS,8902519002068,19/11/2014,"05:46:16 pm"
9,B120678CS,902519001993,19/11/2014,"05:46:16 pm"
9,B120678CS,987654,19/11/2014,"08:15:14 pm"
9,B120678CS,8902519002068,19/11/2014,"10:36:53 pm"
9,B120678CS,8902519002068,19/11/2014,"10:44:01 pm"
10,B120678CS,8902519002068,20/11/2014,"12:04:42 am"
10,B120678CS,57839409,20/11/2014,"12:20:05 am"
10,B120678CS,564783954545,20/11/2014,"12:20:05 am"
10,B120678CS,8901425052235,20/11/2014,"01:05:54 am"
10,B120678CS,902519001993,20/11/2014,"01:05:54 am"
10,B120678CS,987665,20/11/2014,"01:17:26 am"
10,B120678CS,8902519002068,20/11/2014,"02:06:33 am"
10,B120678CS,8902519002068,20/11/2014,"02:43:04 am"
10,B120678CS,12345,20/11/2014,"02:43:36 am"
10,B120678CS,8901425052235,20/11/2014,"01:47:47 pm"
10,B120678CS,23122,20/11/2014,"07:05:19 pm"
10,B120678CS,11111,20/11/2014,"07:28:53 pm"
10,B120678CS,23122,20/11/2014,"07:28:53 pm"
10,B120678CS,45678,20/11/2014,"07:28:53 pm"
10,B120678CS,45678,20/11/2014,"07:28:53 pm"
10,B120678CS,23122,20/11/2014,"07:28:53 pm"
10,B120678CS,456789,20/11/2014,"07:28:53 pm"
10,B120678CS,456789765,20/11/2014,"07:28:53 pm"
10,B120678CS,456789,20/11/2014,"07:28:53 pm"
10,B120678CS,23122,20/11/2014,"07:33:12 pm"
11,B120678CS,12345,21/11/2014,"12:00:55 am"
11,B120678CS,8902519002068,21/11/2014,"12:40:07 am"
11,B120678CS,8901425052235,21/11/2014,"12:40:07 am"
11,B120678CS,2,21/11/2014,"12:41:21 am"
11,B120678CS,8902519002068,21/11/2014,"01:40:23 am"
11,B120678CS,234,21/11/2014,"01:40:23 am"
11,B120678CS,8902519002068,21/11/2014,"01:40:23 am"
11,B120678CS,8902519002068,21/11/2014,"01:40:23 am"
11,B120678CS,8902519002068,21/11/2014,"10:48:12 am"
11,B120678CS,456789765,21/11/2014,"11:55:42 am"
11,B120678CS,456789765,21/11/2014,"11:55:42 am"
11,B120678CS,8902519002068,21/11/2014,"02:30:13 pm"
11,B120678CS,8902519002068,21/11/2014,"04:05:21 pm"
11,B120678CS,8902519002068,21/11/2014,"04:27:07 pm"
11,B120678CS,8901425052235,21/11/2014,"04:27:07 pm"
11,B120678CS,456,21/11/2014,"04:27:07 pm"
11,B120678CS,3456651,21/11/2014,"04:27:07 pm"
11,B120678CS,2345654,21/11/2014,"04:27:07 pm"
11,B120678CS,8901425052235,21/11/2014,"04:29:54 pm"
11,B120678CS,8901425052235,21/11/2014,"04:29:54 pm"
11,B120678CS,8901425052235,21/11/2014,"04:29:54 pm"
11,B120678CS,8902519002068,21/11/2014,"04:31:15 pm"
11,B120678CS,8902519002068,21/11/2014,"04:35:16 pm"
11,B120678CS,8902519002068,21/11/2014,"04:37:04 pm"
11,B120678CS,8902519002068,21/11/2014,"04:38:56 pm"
11,B120678CS,8902519002068,21/11/2014,"04:39:56 pm"
11,B120678CS,8902519002068,21/11/2014,"04:40:48 pm"
11,B120678CS,8901425052235,21/11/2014,"04:40:48 pm"
11,B120678CS,902519001993,21/11/2014,"04:40:48 pm"
11,B120678CS,8902519002068,21/11/2014,"04:43:27 pm"
11,B120678CS,8901425052235,21/11/2014,"04:43:27 pm"
11,B120678CS,8901425052235,21/11/2014,"04:43:27 pm"
11,B120678CS,8901425052235,21/11/2014,"04:43:27 pm"
11,B120678CS,8901425052235,21/11/2014,"04:43:27 pm"
11,B120678CS,8902519002068,21/11/2014,"04:46:00 pm"
11,B120678CS,8901425052235,21/11/2014,"04:46:00 pm"
11,B120678CS,8901425052235,21/11/2014,"04:46:00 pm"
11,B120678CS,8901425052235,21/11/2014,"04:46:00 pm"
11,B120678CS,8901425052235,21/11/2014,"04:46:00 pm"
11,B120678CS,8902519002068,21/11/2014,"04:46:02 pm"
11,B120678CS,8901425052235,21/11/2014,"04:46:02 pm"
11,B120678CS,8901425052235,21/11/2014,"04:46:02 pm"
11,B120678CS,8901425052235,21/11/2014,"04:46:02 pm"
11,B120678CS,8901425052235,21/11/2014,"04:46:02 pm"
11,B120678CS,8902519002068,21/11/2014,"04:46:03 pm"
11,B120678CS,8901425052235,21/11/2014,"04:46:03 pm"
11,B120678CS,8901425052235,21/11/2014,"04:46:03 pm"
11,B120678CS,8901425052235,21/11/2014,"04:46:03 pm"
11,B120678CS,8901425052235,21/11/2014,"04:46:03 pm"
11,B120678CS,8902519002068,21/11/2014,"04:46:04 pm"
11,B120678CS,8901425052235,21/11/2014,"04:46:04 pm"
11,B120678CS,8901425052235,21/11/2014,"04:46:04 pm"
11,B120678CS,8901425052235,21/11/2014,"04:46:04 pm"
11,B120678CS,8901425052235,21/11/2014,"04:46:04 pm"
11,B120678CS,8902519002068,21/11/2014,"04:46:04 pm"
11,B120678CS,8901425052235,21/11/2014,"04:46:04 pm"
11,B120678CS,8901425052235,21/11/2014,"04:46:04 pm"
11,B120678CS,8901425052235,21/11/2014,"04:46:04 pm"
11,B120678CS,8901425052235,21/11/2014,"04:46:04 pm"
11,B120678CS,8902519002068,21/11/2014,"04:46:05 pm"
11,B120678CS,8901425052235,21/11/2014,"04:46:05 pm"
11,B120678CS,8901425052235,21/11/2014,"04:46:05 pm"
11,B120678CS,8901425052235,21/11/2014,"04:46:05 pm"
11,B120678CS,8901425052235,21/11/2014,"04:46:05 pm"
11,B120678CS,8902519002068,21/11/2014,"04:46:06 pm"
11,B120678CS,8901425052235,21/11/2014,"04:46:06 pm"
11,B120678CS,8901425052235,21/11/2014,"04:46:06 pm"
11,B120678CS,8901425052235,21/11/2014,"04:46:06 pm"
11,B120678CS,8901425052235,21/11/2014,"04:46:06 pm"
11,B120678CS,8902519002068,21/11/2014,"04:46:44 pm"
11,B120678CS,8901425052235,21/11/2014,"04:46:44 pm"
11,B120678CS,8901425052235,21/11/2014,"04:46:44 pm"
11,B120678CS,8901425052235,21/11/2014,"04:46:44 pm"
11,B120678CS,8901425052235,21/11/2014,"04:46:44 pm"
11,B120678CS,8902519002068,21/11/2014,"04:46:45 pm"
11,B120678CS,8901425052235,21/11/2014,"04:46:45 pm"
11,B120678CS,8901425052235,21/11/2014,"04:46:45 pm"
11,B120678CS,8901425052235,21/11/2014,"04:46:45 pm"
11,B120678CS,8901425052235,21/11/2014,"04:46:45 pm"
11,B120678CS,8902519002068,21/11/2014,"04:46:46 pm"
11,B120678CS,8901425052235,21/11/2014,"04:46:46 pm"
11,B120678CS,8901425052235,21/11/2014,"04:46:46 pm"
11,B120678CS,8901425052235,21/11/2014,"04:46:46 pm"
11,B120678CS,8901425052235,21/11/2014,"04:46:46 pm"
11,B120678CS,8902519002068,21/11/2014,"04:46:48 pm"
11,B120678CS,8901425052235,21/11/2014,"04:46:48 pm"
11,B120678CS,8901425052235,21/11/2014,"04:46:48 pm"
11,B120678CS,8901425052235,21/11/2014,"04:46:48 pm"
11,B120678CS,8901425052235,21/11/2014,"04:46:48 pm"
11,B120678CS,8902519002068,21/11/2014,"04:46:49 pm"
11,B120678CS,8901425052235,21/11/2014,"04:46:49 pm"
11,B120678CS,8901425052235,21/11/2014,"04:46:49 pm"
11,B120678CS,8901425052235,21/11/2014,"04:46:49 pm"
11,B120678CS,8901425052235,21/11/2014,"04:46:49 pm"
11,B120678CS,8902519002068,21/11/2014,"04:46:50 pm"
11,B120678CS,8901425052235,21/11/2014,"04:46:50 pm"
11,B120678CS,8901425052235,21/11/2014,"04:46:50 pm"
11,B120678CS,8901425052235,21/11/2014,"04:46:50 pm"
11,B120678CS,8901425052235,21/11/2014,"04:46:50 pm"
11,B120678CS,8902519002068,21/11/2014,"04:47:23 pm"
11,B120678CS,8901425052235,21/11/2014,"04:47:23 pm"
11,B120678CS,8901425052235,21/11/2014,"04:47:23 pm"
11,B120678CS,8901425052235,21/11/2014,"04:47:23 pm"
11,B120678CS,8901425052235,21/11/2014,"04:47:23 pm"
11,B120678CS,8902519002068,21/11/2014,"04:47:24 pm"
11,B120678CS,8901425052235,21/11/2014,"04:47:24 pm"
11,B120678CS,8901425052235,21/11/2014,"04:47:24 pm"
11,B120678CS,8901425052235,21/11/2014,"04:47:24 pm"
11,B120678CS,8901425052235,21/11/2014,"04:47:24 pm"
11,B120678CS,8902519002068,21/11/2014,"04:47:25 pm"
11,B120678CS,8901425052235,21/11/2014,"04:47:25 pm"
11,B120678CS,8901425052235,21/11/2014,"04:47:25 pm"
11,B120678CS,8901425052235,21/11/2014,"04:47:25 pm"
11,B120678CS,8901425052235,21/11/2014,"04:47:25 pm"
11,B120678CS,8902519002068,21/11/2014,"04:47:25 pm"
11,B120678CS,8901425052235,21/11/2014,"04:47:25 pm"
11,B120678CS,8901425052235,21/11/2014,"04:47:25 pm"
11,B120678CS,8901425052235,21/11/2014,"04:47:25 pm"
11,B120678CS,8901425052235,21/11/2014,"04:47:25 pm"
11,B120678CS,8902519002068,21/11/2014,"04:47:26 pm"
11,B120678CS,8901425052235,21/11/2014,"04:47:26 pm"
11,B120678CS,8901425052235,21/11/2014,"04:47:26 pm"
11,B120678CS,8901425052235,21/11/2014,"04:47:26 pm"
11,B120678CS,8901425052235,21/11/2014,"04:47:26 pm"
11,B120678CS,8902519002068,21/11/2014,"04:47:26 pm"
11,B120678CS,8901425052235,21/11/2014,"04:47:26 pm"
11,B120678CS,8901425052235,21/11/2014,"04:47:26 pm"
11,B120678CS,8901425052235,21/11/2014,"04:47:26 pm"
11,B120678CS,8901425052235,21/11/2014,"04:47:26 pm"
11,B120678CS,8902519002068,21/11/2014,"04:47:58 pm"
11,B120678CS,8901425052235,21/11/2014,"04:47:58 pm"
11,B120678CS,8901425052235,21/11/2014,"04:47:58 pm"
11,B120678CS,8901425052235,21/11/2014,"04:47:58 pm"
11,B120678CS,8901425052235,21/11/2014,"04:47:58 pm"
11,B120678CS,8902519002068,21/11/2014,"04:47:59 pm"
11,B120678CS,8901425052235,21/11/2014,"04:47:59 pm"
11,B120678CS,8901425052235,21/11/2014,"04:47:59 pm"
11,B120678CS,8901425052235,21/11/2014,"04:47:59 pm"
11,B120678CS,8901425052235,21/11/2014,"04:47:59 pm"
11,B120678CS,8902519002068,21/11/2014,"04:48:00 pm"
11,B120678CS,8901425052235,21/11/2014,"04:48:00 pm"
11,B120678CS,8901425052235,21/11/2014,"04:48:00 pm"
11,B120678CS,8901425052235,21/11/2014,"04:48:00 pm"
11,B120678CS,8901425052235,21/11/2014,"04:48:00 pm"
11,B120678CS,8902519002068,21/11/2014,"04:48:00 pm"
11,B120678CS,8901425052235,21/11/2014,"04:48:00 pm"
11,B120678CS,8901425052235,21/11/2014,"04:48:00 pm"
11,B120678CS,8901425052235,21/11/2014,"04:48:00 pm"
11,B120678CS,8901425052235,21/11/2014,"04:48:00 pm"
11,B120678CS,8902519002068,21/11/2014,"04:48:01 pm"
11,B120678CS,8901425052235,21/11/2014,"04:48:01 pm"
11,B120678CS,8901425052235,21/11/2014,"04:48:01 pm"
11,B120678CS,8901425052235,21/11/2014,"04:48:01 pm"
11,B120678CS,8901425052235,21/11/2014,"04:48:01 pm"
11,B120678CS,8902519002068,21/11/2014,"04:48:02 pm"
11,B120678CS,8901425052235,21/11/2014,"04:48:02 pm"
11,B120678CS,8901425052235,21/11/2014,"04:48:02 pm"
11,B120678CS,8901425052235,21/11/2014,"04:48:02 pm"
11,B120678CS,8901425052235,21/11/2014,"04:48:02 pm"
11,B120678CS,8902519002068,21/11/2014,"04:48:02 pm"
11,B120678CS,8901425052235,21/11/2014,"04:48:02 pm"
11,B120678CS,8901425052235,21/11/2014,"04:48:02 pm"
11,B120678CS,8901425052235,21/11/2014,"04:48:02 pm"
11,B120678CS,8901425052235,21/11/2014,"04:48:02 pm"
11,B120678CS,8902519002068,21/11/2014,"04:48:03 pm"
11,B120678CS,8901425052235,21/11/2014,"04:48:03 pm"
11,B120678CS,8901425052235,21/11/2014,"04:48:03 pm"
11,B120678CS,8901425052235,21/11/2014,"04:48:03 pm"
11,B120678CS,8901425052235,21/11/2014,"04:48:03 pm"
11,B120678CS,8902519002068,21/11/2014,"04:48:04 pm"
11,B120678CS,8901425052235,21/11/2014,"04:48:04 pm"
11,B120678CS,8901425052235,21/11/2014,"04:48:04 pm"
11,B120678CS,8901425052235,21/11/2014,"04:48:04 pm"
11,B120678CS,8901425052235,21/11/2014,"04:48:04 pm"
11,B120678CS,8902519002068,21/11/2014,"04:48:04 pm"
11,B120678CS,8901425052235,21/11/2014,"04:48:04 pm"
11,B120678CS,8901425052235,21/11/2014,"04:48:04 pm"
11,B120678CS,8901425052235,21/11/2014,"04:48:04 pm"
11,B120678CS,8901425052235,21/11/2014,"04:48:04 pm"
11,B120678CS,8902519002068,21/11/2014,"04:48:05 pm"
11,B120678CS,8901425052235,21/11/2014,"04:48:05 pm"
11,B120678CS,8901425052235,21/11/2014,"04:48:05 pm"
11,B120678CS,8901425052235,21/11/2014,"04:48:05 pm"
11,B120678CS,8901425052235,21/11/2014,"04:48:05 pm"
11,B120678CS,8902519002068,21/11/2014,"04:48:05 pm"
11,B120678CS,8901425052235,21/11/2014,"04:48:05 pm"
11,B120678CS,8901425052235,21/11/2014,"04:48:05 pm"
11,B120678CS,8901425052235,21/11/2014,"04:48:05 pm"
11,B120678CS,8901425052235,21/11/2014,"04:48:05 pm"
11,B120678CS,8902519002068,21/11/2014,"04:48:06 pm"
11,B120678CS,8901425052235,21/11/2014,"04:48:06 pm"
11,B120678CS,8901425052235,21/11/2014,"04:48:06 pm"
11,B120678CS,8901425052235,21/11/2014,"04:48:06 pm"
11,B120678CS,8901425052235,21/11/2014,"04:48:06 pm"
11,B120678CS,8902519002068,21/11/2014,"04:48:32 pm"
11,B120678CS,8902519002068,21/11/2014,"04:49:31 pm"
11,B120678CS,8902519002068,21/11/2014,"04:49:34 pm"
11,B120678CS,23122,21/11/2014,"04:49:53 pm"
11,B120678CS,23122,21/11/2014,"04:49:53 pm"
11,B120678CS,8902519002068,21/11/2014,"04:53:02 pm"
11,B120678CS,8902519002068,21/11/2014,"04:53:44 pm"
11,B120678CS,8902519002068,21/11/2014,"04:55:24 pm"
11,B120678CS,8902519002068,21/11/2014,"04:57:40 pm"
11,B120678CS,8902519002068,21/11/2014,"04:58:18 pm"
11,B120678CS,8902519002068,21/11/2014,"04:58:43 pm"
11,B120678CS,8902519002068,21/11/2014,"04:58:45 pm"
11,B120678CS,8902519002068,21/11/2014,"05:01:37 pm"
11,B120678CS,8902519002068,21/11/2014,"05:01:52 pm"
11,B120678CS,8902519002068,21/11/2014,"05:02:43 pm"
11,B120678CS,8902519002068,21/11/2014,"05:03:07 pm"
11,B120678CS,8902519002068,21/11/2014,"05:03:31 pm"
11,B120678CS,8902519002068,21/11/2014,"05:04:46 pm"
11,B120678CS,8902519002068,21/11/2014,"05:05:34 pm"
11,B120678CS,8902519002068,21/11/2014,"05:06:57 pm"
11,B120678CS,8902519002068,21/11/2014,"05:07:35 pm"
11,B120678CS,8902519002068,21/11/2014,"05:07:37 pm"
11,B120678CS,8902519002068,21/11/2014,"05:07:37 pm"
11,B120678CS,8902519002068,21/11/2014,"05:08:12 pm"
11,B120678CS,8902519002068,21/11/2014,"05:08:12 pm"
11,B120678CS,8901425052235,21/11/2014,"05:10:00 pm"
11,B120678CS,8901425052235,21/11/2014,"05:10:00 pm"
11,B120678CS,8901425052235,21/11/2014,"05:10:00 pm"
11,B120678CS,8901425052235,21/11/2014,"05:11:28 pm"
11,B120678CS,8901425052235,21/11/2014,"05:11:28 pm"
11,B120678CS,8901425052235,21/11/2014,"05:11:28 pm"
11,B120678CS,8901425052235,21/11/2014,"05:11:30 pm"
11,B120678CS,8901425052235,21/11/2014,"05:11:30 pm"
11,B120678CS,8901425052235,21/11/2014,"05:11:30 pm"
11,B120678CS,8901425052235,21/11/2014,"05:11:31 pm"
11,B120678CS,8901425052235,21/11/2014,"05:11:31 pm"
11,B120678CS,8901425052235,21/11/2014,"05:11:31 pm"
11,B120678CS,8901425052235,21/11/2014,"05:11:31 pm"
11,B120678CS,8901425052235,21/11/2014,"05:11:31 pm"
11,B120678CS,8901425052235,21/11/2014,"05:11:31 pm"
11,B120678CS,8901425052235,21/11/2014,"05:11:32 pm"
11,B120678CS,8901425052235,21/11/2014,"05:11:32 pm"
11,B120678CS,8901425052235,21/11/2014,"05:11:32 pm"
11,B120678CS,23122,21/11/2014,"05:11:56 pm"
11,B120678CS,23122,21/11/2014,"05:11:56 pm"
11,B120678CS,8902519002068,21/11/2014,"05:12:21 pm"
11,B120678CS,8902519002068,21/11/2014,"05:14:07 pm"
11,B120678CS,8902519002068,21/11/2014,"05:14:07 pm"
11,B120678CS,8902519002068,21/11/2014,"05:14:59 pm"
11,B120678CS,8902519002068,21/11/2014,"05:14:59 pm"
11,B120678CS,8902519002068,21/11/2014,"05:15:15 pm"
11,B120678CS,8902519002068,21/11/2014,"05:15:15 pm"
11,B120678CS,8902519002068,21/11/2014,"05:15:37 pm"
11,B120678CS,8902519002068,21/11/2014,"05:15:37 pm"
11,B120678CS,8902519002068,21/11/2014,"05:16:23 pm"
11,B120678CS,8902519002068,21/11/2014,"05:16:23 pm"
11,B120678CS,8902519002068,21/11/2014,"05:17:08 pm"
11,B120678CS,8902519002068,21/11/2014,"05:17:08 pm"
11,B120678CS,8902519002068,21/11/2014,"05:17:32 pm"
11,B120678CS,8902519002068,21/11/2014,"05:17:32 pm"
11,B120678CS,8902519002068,21/11/2014,"05:18:14 pm"
11,B120678CS,8902519002068,21/11/2014,"05:18:14 pm"
11,B120678CS,8902519002068,21/11/2014,"05:18:46 pm"
11,B120678CS,8902519002068,21/11/2014,"05:18:46 pm"
11,B120678CS,8902519002068,21/11/2014,"05:20:23 pm"
11,B120678CS,8902519002068,21/11/2014,"05:20:23 pm"
11,B120678CS,8902519002068,21/11/2014,"05:21:26 pm"
11,B120678CS,8902519002068,21/11/2014,"05:21:26 pm"
11,B120678CS,8902519002068,21/11/2014,"05:24:40 pm"
11,B120678CS,8902519002068,21/11/2014,"05:24:40 pm"
11,B120678CS,8902519002068,21/11/2014,"05:25:52 pm"
11,B120678CS,8902519002068,21/11/2014,"05:25:52 pm"
11,B120678CS,8902519002068,21/11/2014,"05:29:11 pm"
11,B120678CS,8902519002068,21/11/2014,"05:29:11 pm"
11,B120678CS,8902519002068,21/11/2014,"05:31:49 pm"
11,B120678CS,8902519002068,21/11/2014,"05:31:49 pm"
11,B120678CS,8902519002068,21/11/2014,"05:33:17 pm"
11,B120678CS,8902519002068,21/11/2014,"05:33:17 pm"
11,B120678CS,8902519002068,21/11/2014,"05:33:53 pm"
11,B120678CS,8902519002068,21/11/2014,"05:33:53 pm"
11,B120678CS,8902519002068,21/11/2014,"05:35:04 pm"
11,B120678CS,8902519002068,21/11/2014,"05:35:04 pm"
11,B120678CS,8902519002068,21/11/2014,"05:35:38 pm"
11,B120678CS,8902519002068,21/11/2014,"05:35:38 pm"
11,B120678CS,8902519002068,21/11/2014,"05:36:52 pm"
11,B120678CS,8902519002068,21/11/2014,"05:36:52 pm"
11,B120678CS,8902519002068,21/11/2014,"05:37:13 pm"
11,B120678CS,8902519002068,21/11/2014,"05:37:13 pm"
11,B120678CS,8902519002068,21/11/2014,"05:38:36 pm"
11,B120678CS,8902519002068,21/11/2014,"05:38:36 pm"
11,B120678CS,8902519002068,21/11/2014,"05:40:38 pm"
11,B120678CS,8902519002068,21/11/2014,"05:40:38 pm"
11,B120678CS,8902519002068,21/11/2014,"05:42:07 pm"
11,B120678CS,8902519002068,21/11/2014,"05:42:07 pm"
11,B120678CS,8902519002068,21/11/2014,"05:42:42 pm"
11,B120678CS,8902519002068,21/11/2014,"05:42:42 pm"
11,B120678CS,8902519002068,21/11/2014,"05:43:05 pm"
11,B120678CS,8902519002068,21/11/2014,"05:43:05 pm"
11,B120678CS,8902519002068,21/11/2014,"05:46:09 pm"
11,B120678CS,8902519002068,21/11/2014,"05:46:09 pm"
11,B120678CS,8902519002068,21/11/2014,"05:46:36 pm"
11,B120678CS,8902519002068,21/11/2014,"05:46:36 pm"
11,B120678CS,8902519002068,21/11/2014,"05:48:38 pm"
11,B120678CS,8902519002068,21/11/2014,"05:48:38 pm"
11,B120678CS,8902519002068,21/11/2014,"05:50:07 pm"
11,B120678CS,8902519002068,21/11/2014,"05:50:07 pm"
11,B120678CS,8902519002068,21/11/2014,"05:50:40 pm"
11,B120678CS,8902519002068,21/11/2014,"05:50:40 pm"
11,B120678CS,8902519002068,21/11/2014,"05:54:16 pm"
11,B120678CS,8902519002068,21/11/2014,"05:54:16 pm"
11,B120678CS,8902519002068,21/11/2014,"06:21:48 pm"
11,B120678CS,8902519002068,21/11/2014,"06:22:04 pm"
11,B120678CS,8902519002068,21/11/2014,"06:22:10 pm"
11,B120678CS,8902519002068,21/11/2014,"06:47:47 pm"
11,B120678CS,8902519002068,21/11/2014,"07:54:04 pm"
11,B120678CS,8902519002068,21/11/2014,"07:54:35 pm"
11,B120678CS,8902519002068,21/11/2014,"08:03:07 pm"
11,B120678CS,8902519002068,21/11/2014,"08:05:27 pm"
11,B120678CS,8902519002068,21/11/2014,"08:15:31 pm"
11,B120678CS,8901425052235,21/11/2014,"08:15:31 pm"
11,B120678CS,8902519002068,21/11/2014,"08:16:24 pm"
11,B120678CS,8902519002068,21/11/2014,"08:16:28 pm"
11,B120678CS,8902519002068,21/11/2014,"08:17:17 pm"
11,B120678CS,8902519002068,21/11/2014,"08:17:35 pm"
11,B120678CS,8902519002068,21/11/2014,"08:17:38 pm"
11,B120678CS,8902519002068,21/11/2014,"08:18:30 pm"
11,B120678CS,8902519002068,21/11/2014,"08:18:32 pm"
11,B120678CS,8902519002068,21/11/2014,"08:19:15 pm"
11,B120678CS,8902519002068,21/11/2014,"08:21:38 pm"
11,B120678CS,8902519002068,21/11/2014,"08:22:01 pm"
11,B120678CS,8902519002068,21/11/2014,"08:22:30 pm"
11,B120678CS,8902519002068,21/11/2014,"08:22:55 pm"
11,B120678CS,8902519002068,21/11/2014,"08:24:20 pm"
11,B120678CS,8902519002068,21/11/2014,"08:24:42 pm"
11,B120678CS,8902519002068,21/11/2014,"08:27:04 pm"
11,B120678CS,8902519002068,21/11/2014,"08:29:45 pm"
11,B120678CS,8902519002068,21/11/2014,"08:30:14 pm"
11,B120678CS,8902519002068,21/11/2014,"08:32:23 pm"
11,B120678CS,8902519002068,21/11/2014,"08:32:55 pm"
11,B120678CS,8902519002068,21/11/2014,"08:34:13 pm"
11,B120678CS,8902519002068,21/11/2014,"08:34:35 pm"
11,B120678CS,8902519002068,21/11/2014,"08:35:15 pm"
11,B120678CS,8902519002068,21/11/2014,"08:36:23 pm"
11,B120678CS,8902519002068,21/11/2014,"08:36:48 pm"
11,B120678CS,8902519002068,21/11/2014,"08:37:14 pm"
11,B120678CS,8902519002068,21/11/2014,"08:37:49 pm"
11,B120678CS,8902519002068,21/11/2014,"08:38:14 pm"
11,B120678CS,8902519002068,21/11/2014,"08:38:40 pm"
11,B120678CS,8902519002068,21/11/2014,"08:39:17 pm"
11,B120678CS,8902519002068,21/11/2014,"08:40:09 pm"
11,B120678CS,8902519002068,21/11/2014,"08:41:31 pm"
11,B120678CS,8902519002068,21/11/2014,"08:41:54 pm"
11,B120678CS,8902519002068,21/11/2014,"08:42:22 pm"
11,B120678CS,8902519002068,21/11/2014,"08:42:41 pm"
11,B120678CS,gg,21/11/2014,"08:43:19 pm"
11,B120678CS,gg,21/11/2014,"08:43:19 pm"
11,B120678CS,t55,21/11/2014,"08:43:19 pm"
11,B120678CS,65,21/11/2014,"08:43:19 pm"
11,B120678CS,56,21/11/2014,"08:43:19 pm"
11,B120678CS,454,21/11/2014,"08:43:19 pm"
11,B120678CS,445,21/11/2014,"08:43:19 pm"
11,B120678CS,454,21/11/2014,"08:43:19 pm"
11,B120678CS,45,21/11/2014,"08:43:19 pm"
11,B120678CS,gg,21/11/2014,"08:43:49 pm"
11,B120678CS,gg,21/11/2014,"08:43:49 pm"
11,B120678CS,t55,21/11/2014,"08:43:49 pm"
11,B120678CS,65,21/11/2014,"08:43:49 pm"
11,B120678CS,56,21/11/2014,"08:43:49 pm"
11,B120678CS,454,21/11/2014,"08:43:49 pm"
11,B120678CS,445,21/11/2014,"08:43:49 pm"
11,B120678CS,454,21/11/2014,"08:43:49 pm"
11,B120678CS,45,21/11/2014,"08:43:49 pm"
11,B120678CS,gg,21/11/2014,"08:44:44 pm"
11,B120678CS,gg,21/11/2014,"08:44:44 pm"
11,B120678CS,t55,21/11/2014,"08:44:44 pm"
11,B120678CS,65,21/11/2014,"08:44:44 pm"
11,B120678CS,56,21/11/2014,"08:44:44 pm"
11,B120678CS,454,21/11/2014,"08:44:44 pm"
11,B120678CS,445,21/11/2014,"08:44:44 pm"
11,B120678CS,454,21/11/2014,"08:44:44 pm"
11,B120678CS,45,21/11/2014,"08:44:44 pm"
11,B120678CS,gg,21/11/2014,"08:45:17 pm"
11,B120678CS,gg,21/11/2014,"08:45:17 pm"
11,B120678CS,t55,21/11/2014,"08:45:17 pm"
11,B120678CS,65,21/11/2014,"08:45:17 pm"
11,B120678CS,56,21/11/2014,"08:45:17 pm"
11,B120678CS,454,21/11/2014,"08:45:17 pm"
11,B120678CS,445,21/11/2014,"08:45:17 pm"
11,B120678CS,454,21/11/2014,"08:45:17 pm"
11,B120678CS,45,21/11/2014,"08:45:17 pm"
11,B120678CS,gg,21/11/2014,"08:46:29 pm"
11,B120678CS,gg,21/11/2014,"08:46:29 pm"
11,B120678CS,t55,21/11/2014,"08:46:29 pm"
11,B120678CS,65,21/11/2014,"08:46:29 pm"
11,B120678CS,56,21/11/2014,"08:46:29 pm"
11,B120678CS,454,21/11/2014,"08:46:29 pm"
11,B120678CS,445,21/11/2014,"08:46:29 pm"
11,B120678CS,454,21/11/2014,"08:46:29 pm"
11,B120678CS,45,21/11/2014,"08:46:29 pm"
11,B120678CS,gg,21/11/2014,"08:47:04 pm"
11,B120678CS,gg,21/11/2014,"08:47:04 pm"
11,B120678CS,t55,21/11/2014,"08:47:04 pm"
11,B120678CS,65,21/11/2014,"08:47:04 pm"
11,B120678CS,56,21/11/2014,"08:47:04 pm"
11,B120678CS,454,21/11/2014,"08:47:04 pm"
11,B120678CS,445,21/11/2014,"08:47:04 pm"
11,B120678CS,454,21/11/2014,"08:47:04 pm"
11,B120678CS,45,21/11/2014,"08:47:04 pm"
11,B120678CS,gg,21/11/2014,"08:49:49 pm"
11,B120678CS,gg,21/11/2014,"08:49:49 pm"
11,B120678CS,t55,21/11/2014,"08:49:49 pm"
11,B120678CS,65,21/11/2014,"08:49:49 pm"
11,B120678CS,56,21/11/2014,"08:49:49 pm"
11,B120678CS,454,21/11/2014,"08:49:49 pm"
11,B120678CS,445,21/11/2014,"08:49:49 pm"
11,B120678CS,454,21/11/2014,"08:49:49 pm"
11,B120678CS,45,21/11/2014,"08:49:49 pm"
11,B120678CS,8902519002068,21/11/2014,"08:54:52 pm"
11,B120678CS,8902519002068,21/11/2014,"08:54:52 pm"
11,B120678CS,8902519002068,21/11/2014,"08:54:52 pm"
11,B120678CS,8902519001993,21/11/2014,"08:54:52 pm"
11,B120678CS,2519001993,21/11/2014,"08:54:52 pm"
11,B120678CS,8902519001993,21/11/2014,"08:54:52 pm"
11,B120678CS,8902519001993,21/11/2014,"08:54:52 pm"
11,B120678CS,8902519001993,21/11/2014,"08:54:52 pm"
11,B120678CS,8902519002068,21/11/2014,"09:03:44 pm"
11,B120678CS,8902519002068,21/11/2014,"09:05:57 pm"
11,B120678CS,8901425052235,21/11/2014,"09:05:57 pm"
11,B120678CS,8902519002068,21/11/2014,"09:09:33 pm"
11,B120678CS,8902519002068,21/11/2014,"09:45:07 pm"
11,B120678CS,8902519002068,21/11/2014,"09:45:07 pm"
11,B120678CS,8902519002068,21/11/2014,"09:46:29 pm"
11,B120678CS,8902519002068,21/11/2014,"09:46:29 pm"
11,B120678CS,8902519002068,21/11/2014,"09:46:31 pm"
11,B120678CS,8902519002068,21/11/2014,"09:46:31 pm"
11,B120678CS,8902519002068,21/11/2014,"09:47:13 pm"
11,B120678CS,8902519002068,21/11/2014,"09:47:13 pm"
11,B120678CS,8902519002068,21/11/2014,"09:47:26 pm"
11,B120678CS,8902519002068,21/11/2014,"09:47:26 pm"
11,B120678CS,8902519002068,21/11/2014,"09:48:17 pm"
11,B120678CS,8902519002068,21/11/2014,"09:48:17 pm"
11,B120678CS,8902519002068,21/11/2014,"09:48:18 pm"
11,B120678CS,8902519002068,21/11/2014,"09:48:18 pm"
11,B120678CS,8902519002068,21/11/2014,"09:48:19 pm"
11,B120678CS,8902519002068,21/11/2014,"09:48:19 pm"
11,B120678CS,8902519002068,21/11/2014,"09:48:20 pm"
11,B120678CS,8902519002068,21/11/2014,"09:48:20 pm"
11,B120678CS,8902519002068,21/11/2014,"09:48:20 pm"
11,B120678CS,8902519002068,21/11/2014,"09:48:20 pm"
11,B120678CS,8902519002068,21/11/2014,"09:51:31 pm"
11,B120678CS,8902519002068,21/11/2014,"09:51:31 pm"
11,B120678CS,8902519002068,21/11/2014,"09:52:00 pm"
11,B120678CS,8902519002068,21/11/2014,"09:52:00 pm"
11,B120678CS,8902519002068,21/11/2014,"09:53:03 pm"
11,B120678CS,8902519002068,21/11/2014,"09:53:03 pm"
11,B120678CS,8902519002068,21/11/2014,"10:24:27 pm"
11,B120678CS,8902519002068,21/11/2014,"10:27:22 pm"
11,B120678CS,8902519002068,21/11/2014,"10:29:28 pm"
11,B120678CS,8902519002068,21/11/2014,"10:29:42 pm"
11,B120678CS,8902519002068,21/11/2014,"10:29:53 pm"
11,B120678CS,8902519002068,21/11/2014,"10:30:30 pm"
11,B120678CS,8902519002068,21/11/2014,"10:31:22 pm"
11,B120678CS,8902519002068,21/11/2014,"10:31:58 pm"
11,B120678CS,8902519002068,21/11/2014,"10:32:38 pm"
11,B120678CS,8902519002068,21/11/2014,"10:32:52 pm"
11,B120678CS,8902519002068,21/11/2014,"10:33:07 pm"
11,B120678CS,8902519002068,21/11/2014,"10:33:31 pm"
11,B120678CS,8902519002068,21/11/2014,"10:40:15 pm"
11,B120678CS,8902519002068,21/11/2014,"10:40:15 pm"
11,B120678CS,8902519002068,21/11/2014,"11:01:58 pm"
11,B120678CS,8902519002068,21/11/2014,"11:02:00 pm"
11,B120678CS,8902519002068,21/11/2014,"11:02:03 pm"
11,B120678CS,8902519002068,21/11/2014,"11:02:06 pm"
11,B120678CS,8902519002068,21/11/2014,"11:02:09 pm"
11,B120678CS,8902519002068,21/11/2014,"11:02:11 pm"
11,B120678CS,8902519002068,21/11/2014,"11:02:14 pm"
11,B120678CS,8902519002068,21/11/2014,"11:01:58 pm"
11,B120678CS,8902519002068,21/11/2014,"11:02:00 pm"
11,B120678CS,8902519002068,21/11/2014,"11:02:03 pm"
11,B120678CS,8902519002068,21/11/2014,"11:02:06 pm"
11,B120678CS,8902519002068,21/11/2014,"11:02:09 pm"
11,B120678CS,8902519002068,21/11/2014,"11:02:11 pm"
11,B120678CS,8902519002068,21/11/2014,"11:02:14 pm"
11,B120678CS,8902519002068,21/11/2014,"11:01:58 pm"
11,B120678CS,8902519002068,21/11/2014,"11:02:00 pm"
11,B120678CS,8902519002068,21/11/2014,"11:02:03 pm"
11,B120678CS,8902519002068,21/11/2014,"11:02:06 pm"
11,B120678CS,8902519002068,21/11/2014,"11:02:09 pm"
11,B120678CS,8902519002068,21/11/2014,"11:02:11 pm"
11,B120678CS,8902519002068,21/11/2014,"11:02:14 pm"
11,B120678CS,8902519002068,21/11/2014,"11:16:13 pm"
11,B120678CS,8902519002068,21/11/2014,"11:16:13 pm"
11,B120678CS,8902519002068,21/11/2014,"11:25:05 pm"
12,B120678CS,8902519002068,22/11/2014,"02:43:08 am"
